Algorithm,Dataset Size,Dimensions,Build Time,Average Query Time,Insert Time,Delete Time,Recall@K,Memory Bytes,Distance Computations,Visited Nodes,Vectors Scanned,Clusters Scanned
Brute Force,10000,64,0.0015623750000000047,0.053203124590000005,0,0,1.0,48,0,0,0,0
KD Tree,10000,64,147.855220583,0.043254347469997755,0,0,0.6290000000000001,48,0,0,0,0
HNSW,10000,64,216.18695116700002,0.007666077499991388,0,0,0.9680000000000001,48,1320,1320,0,0
IVF,10000,64,0.15250762499999837,0.003020007879998161,0,0,0.30000000000000004,48,1597,0,1589,1
